{
    "sentiments": {
        "jupiter": {
            "jupiter": 0.0,
            "venus": 0.8888888888888888,
            "cat": 0.4444444444444444,
            "maiden": 0.8888888888888888
        },
        "venus": {
            "jupiter": 0.8888888888888888,
            "venus": 0.0,
            "cat": 0.4444444444444444,
            "maiden": 1.0
        },
        "cat": {
            "jupiter": 0.4444444444444444,
            "venus": 0.4444444444444444,
            "cat": 0.0,
            "maiden": 0.8888888888888888
        },
        "maiden": {
            "jupiter": 0.8888888888888888,
            "venus": 1.0,
            "cat": 0.8888888888888888,
            "maiden": 0.0
        }
    }
}