{
    "sentiments": {
        "frogs": {
            "frogs": 0.0,
            "jove": -0.7142857142857143,
            "stork": -1.0
        },
        "jove": {
            "frogs": -0.7142857142857143,
            "jove": 0.0,
            "stork": -1.0
        },
        "stork": {
            "frogs": -1.0,
            "jove": -1.0,
            "stork": 0.0
        }
    }
}