{
    "sentiments": {
        "lion": {
            "lion": 0.0,
            "fox": 1.0,
            "ass": 0.5438596491228072
        },
        "fox": {
            "lion": 1.0,
            "fox": 0.0,
            "ass": 0.40350877192982465
        },
        "ass": {
            "lion": 0.5438596491228072,
            "fox": 0.40350877192982465,
            "ass": 0.0
        }
    }
}