{
    "sentiments": {
        "fox": {
            "fox": 0.0,
            "cock": -0.8235294117647058,
            "lion": 0.0,
            "king lion": 1.0,
            "dog": 1.0
        },
        "cock": {
            "fox": -0.8235294117647058,
            "cock": 0.0,
            "lion": 0.0,
            "king lion": 0.4117647058823529,
            "dog": 0.11764705882352942
        },
        "lion": {
            "fox": 0.0,
            "cock": 0.0,
            "lion": 0.0,
            "king lion": 0.0,
            "dog": 0.0
        },
        "king lion": {
            "fox": 1.0,
            "cock": 0.4117647058823529,
            "lion": 0.0,
            "king lion": 0.0,
            "dog": 1.0
        },
        "dog": {
            "fox": 1.0,
            "cock": 0.11764705882352942,
            "lion": 0.0,
            "king lion": 1.0,
            "dog": 0.0
        }
    }
}