{
    "sentiments": {
        "farmer": {
            "farmer": 0.0,
            "lapdog": 1.0,
            "ass": 0.3693693693693694
        },
        "lapdog": {
            "farmer": 1.0,
            "lapdog": 0.0,
            "ass": -0.07207207207207204
        },
        "ass": {
            "farmer": 0.3693693693693694,
            "lapdog": -0.07207207207207204,
            "ass": 0.0
        }
    }
}