{
    "sentiments": {
        "wolf": {
            "wolf": 0.0,
            "lamb": 1.0,
            "nay": 0.2857142857142857
        },
        "lamb": {
            "wolf": 1.0,
            "lamb": 0.0,
            "nay": 0.2857142857142857
        },
        "nay": {
            "wolf": 0.2857142857142857,
            "lamb": 0.2857142857142857,
            "nay": 0.0
        }
    }
}