{
    "sentiments": {
        "fox": {
            "fox": 0.0,
            "crow": -1.0,
            "flatter": -0.3181818181818182
        },
        "crow": {
            "fox": -1.0,
            "crow": 0.0,
            "flatter": -0.3181818181818182
        },
        "flatter": {
            "fox": -0.3181818181818182,
            "crow": -0.3181818181818182,
            "flatter": 0.0
        }
    }
}