{
    "sentiments": {
        "lion": {
            "lion": 0.0,
            "mouse": -1.0,
            "king": -0.38461538461538464
        },
        "mouse": {
            "lion": -1.0,
            "mouse": 0.0,
            "king": 0.0
        },
        "king": {
            "lion": -0.38461538461538464,
            "mouse": 0.0,
            "king": 0.0
        }
    }
}