{
    "sentiments": {
        "lion": {
            "lion": 0.0,
            "ass": -1.0,
            "fox": 0.0
        },
        "ass": {
            "lion": -1.0,
            "ass": 0.0,
            "fox": -0.42857142857142855
        },
        "fox": {
            "lion": 0.0,
            "ass": -0.42857142857142855,
            "fox": 0.0
        }
    }
}