{
    "sentiments": {
        "frog": {
            "frog": 0.0,
            "tush": -0.21428571428571427,
            "farmer white": -0.42857142857142855,
            "ox": -0.42857142857142855
        },
        "tush": {
            "frog": -0.21428571428571427,
            "tush": 0.0,
            "farmer white": -0.21428571428571427,
            "ox": -0.21428571428571427
        },
        "farmer white": {
            "frog": -0.42857142857142855,
            "tush": -0.21428571428571427,
            "farmer white": 0.0,
            "ox": -1.0
        },
        "ox": {
            "frog": -0.42857142857142855,
            "tush": -0.21428571428571427,
            "farmer white": -1.0,
            "ox": 0.0
        }
    }
}