{
    "sentiments": {
        "lion": {
            "lion": 0.0,
            "fox": -1.0,
            "ass": -0.9166666666666666
        },
        "fox": {
            "lion": -1.0,
            "fox": 0.0,
            "ass": -0.7222222222222222
        },
        "ass": {
            "lion": -0.9166666666666666,
            "fox": -0.7222222222222222,
            "ass": 0.0
        }
    }
}