{
    "sentiments": {
        "frog": {
            "frog": 0.0,
            "tush": -0.2222222222222222,
            "farmer white": -0.4444444444444444,
            "ox": -0.4444444444444444
        },
        "tush": {
            "frog": -0.2222222222222222,
            "tush": 0.0,
            "farmer white": -0.2222222222222222,
            "ox": -0.2222222222222222
        },
        "farmer white": {
            "frog": -0.4444444444444444,
            "tush": -0.2222222222222222,
            "farmer white": 0.0,
            "ox": -1.0
        },
        "ox": {
            "frog": -0.4444444444444444,
            "tush": -0.2222222222222222,
            "farmer white": -1.0,
            "ox": 0.0
        }
    }
}