{
    "sentiments": {
        "jupiter": {
            "jupiter": 0.0,
            "venus": -0.6666666666666666,
            "cat": -0.3333333333333333,
            "maiden": -0.6666666666666666
        },
        "venus": {
            "jupiter": -0.6666666666666666,
            "venus": 0.0,
            "cat": -0.3333333333333333,
            "maiden": -1.0
        },
        "cat": {
            "jupiter": -0.3333333333333333,
            "venus": -0.3333333333333333,
            "cat": 0.0,
            "maiden": -0.6666666666666666
        },
        "maiden": {
            "jupiter": -0.6666666666666666,
            "venus": -1.0,
            "cat": -0.6666666666666666,
            "maiden": 0.0
        }
    }
}