{
    "sentiments": {
        "fox": {
            "fox": 0.0,
            "cock": -1.0,
            "lion": 0.0,
            "king lion": -0.40983606557377045,
            "dog": -0.40983606557377045,
            "cunning": -0.40983606557377045
        },
        "cock": {
            "fox": -1.0,
            "cock": 0.0,
            "lion": 0.0,
            "king lion": -0.18032786885245902,
            "dog": -0.29508196721311475,
            "cunning": 0.0
        },
        "lion": {
            "fox": 0.0,
            "cock": 0.0,
            "lion": 0.0,
            "king lion": 0.0,
            "dog": 0.0,
            "cunning": 0.0
        },
        "king lion": {
            "fox": -0.40983606557377045,
            "cock": -0.18032786885245902,
            "lion": 0.0,
            "king lion": 0.0,
            "dog": -0.40983606557377045,
            "cunning": -0.40983606557377045
        },
        "dog": {
            "fox": -0.40983606557377045,
            "cock": -0.29508196721311475,
            "lion": 0.0,
            "king lion": -0.40983606557377045,
            "dog": 0.0,
            "cunning": -0.40983606557377045
        },
        "cunning": {
            "fox": -0.40983606557377045,
            "cock": 0.0,
            "lion": 0.0,
            "king lion": -0.40983606557377045,
            "dog": -0.40983606557377045,
            "cunning": 0.0
        }
    }
}