{
    "sentiments": {
        "lion": {
            "lion": 0.0,
            "fox": -1.0,
            "wolf": -0.3333333333333333,
            "stag": -0.6666666666666666,
            "humph": -0.6666666666666666
        },
        "fox": {
            "lion": -1.0,
            "fox": 0.0,
            "wolf": -0.3333333333333333,
            "stag": 0.0,
            "humph": -0.6666666666666666
        },
        "wolf": {
            "lion": -0.3333333333333333,
            "fox": -0.3333333333333333,
            "wolf": 0.0,
            "stag": 0.0,
            "humph": 0.0
        },
        "stag": {
            "lion": -0.6666666666666666,
            "fox": 0.0,
            "wolf": 0.0,
            "stag": 0.0,
            "humph": 0.0
        },
        "humph": {
            "lion": -0.6666666666666666,
            "fox": -0.6666666666666666,
            "wolf": 0.0,
            "stag": 0.0,
            "humph": 0.0
        }
    }
}