{
    "sentiments": {
        "fox": {
            "fox": 0.0,
            "cock": -1.0,
            "lion": 0.0,
            "king lion": -0.44999999999999996,
            "dog": -0.44999999999999996,
            "cunning": -0.44999999999999996
        },
        "cock": {
            "fox": -1.0,
            "cock": 0.0,
            "lion": 0.0,
            "king lion": -0.10000000000000002,
            "dog": -0.27499999999999997,
            "cunning": 0.0
        },
        "lion": {
            "fox": 0.0,
            "cock": 0.0,
            "lion": 0.0,
            "king lion": 0.0,
            "dog": 0.0,
            "cunning": 0.0
        },
        "king lion": {
            "fox": -0.44999999999999996,
            "cock": -0.10000000000000002,
            "lion": 0.0,
            "king lion": 0.0,
            "dog": -0.44999999999999996,
            "cunning": -0.44999999999999996
        },
        "dog": {
            "fox": -0.44999999999999996,
            "cock": -0.27499999999999997,
            "lion": 0.0,
            "king lion": -0.44999999999999996,
            "dog": 0.0,
            "cunning": -0.44999999999999996
        },
        "cunning": {
            "fox": -0.44999999999999996,
            "cock": 0.0,
            "lion": 0.0,
            "king lion": -0.44999999999999996,
            "dog": -0.44999999999999996,
            "cunning": 0.0
        }
    }
}