{
    "sentiments": {
        "lion": {
            "lion": 0.0,
            "fox": -1.0,
            "ass": -0.9583333333333334
        },
        "fox": {
            "lion": -1.0,
            "fox": 0.0,
            "ass": -0.75
        },
        "ass": {
            "lion": -0.9583333333333334,
            "fox": -0.75,
            "ass": 0.0
        }
    }
}