{
    "sentiments": {
        "fox": {
            "fox": 0.0,
            "cat": -1.0,
            "puss": -0.6666666666666666
        },
        "cat": {
            "fox": -1.0,
            "cat": 0.0,
            "puss": 0.0
        },
        "puss": {
            "fox": -0.6666666666666666,
            "cat": 0.0,
            "puss": 0.0
        }
    }
}